{"epoch": [0, 1, 2, 3, 4, 5, 6, 7, 8, 9, 10, 11, 12, 13, 14, 15, 16, 17, 18, 19, 20, 21, 22, 23, 24, 25, 26, 27, 28, 29, 30, 31, 32, 33, 34, 35, 36, 37, 38, 39, 40, 41, 42, 43, 44, 45, 46, 47, 48, 49], "training_acc": [0.30836665630340576, 0.505299985408783, 0.5965166687965393, 0.6278166770935059, 0.6455166935920715, 0.6568333506584167, 0.666783332824707, 0.6762833595275879, 0.6886667013168335, 0.6938166618347168, 0.7033166885375977, 0.7079166769981384, 0.7091000080108643, 0.7149500250816345, 0.718250036239624, 0.7243000268936157, 0.7244333624839783, 0.7319333553314209, 0.7292667031288147, 0.7306333184242249, 0.7339833378791809, 0.741433322429657, 0.7402666807174683, 0.7438166737556458, 0.7424666881561279, 0.7444166541099548, 0.7488333582878113, 0.7502000331878662, 0.7519166469573975, 0.7564833164215088, 0.7563999891281128, 0.7562167048454285, 0.75968337059021, 0.7623500227928162, 0.7617166638374329, 0.7593833208084106, 0.7662166953086853, 0.7651500105857849, 0.7682333588600159, 0.7735333442687988, 0.7713000178337097, 0.7706666588783264, 0.7752000093460083, 0.7758499979972839, 0.774483323097229, 0.777816653251648, 0.7788500189781189, 0.781083345413208, 0.7783333659172058, 0.7823166847229004], "validation_acc": [0.381, 0.5302, 0.5777, 0.6329, 0.6579, 0.6654, 0.6777, 0.6683, 0.6854, 0.6968, 0.7168, 0.7153, 0.7127, 0.709, 0.722, 0.7152, 0.7168, 0.7242, 0.7176, 0.7313, 0.7315, 0.7341, 0.7312, 0.7405, 0.7354, 0.7438, 0.7366, 0.743, 0.7477, 0.7155, 0.7559, 0.7456, 0.7511, 0.7517, 0.7581, 0.7495, 0.7467, 0.7255, 0.736, 0.7667, 0.7551, 0.7655, 0.757, 0.7662, 0.7621, 0.7708, 0.7617, 0.7687, 0.775, 0.7731], "training_loss": [2.2001729201634723, 1.4388193339665731, 1.129739054997762, 1.0141342394510906, 0.9576647370974223, 0.9200102595965067, 0.8940188981374105, 0.8696720448811849, 0.8397379050254822, 0.8224878080050151, 0.7967256189664205, 0.7845593722025553, 0.7727925838152567, 0.7499964101473491, 0.7415137908935547, 0.7236692353248596, 0.719903031539917, 0.7045923947652181, 0.7051166568438212, 0.69664690990448, 0.690027996857961, 0.6742413880348206, 0.6726680393218994, 0.667002929910024, 0.6684771189371744, 0.6622793963750203, 0.6494497566541036, 0.6493915374120076, 0.642080167166392, 0.6332473322232565, 0.6323489282290141, 0.6320201030413309, 0.6235315227190653, 0.6198169538180034, 0.6193626363436381, 0.6247728539784749, 0.6114249916394552, 0.607275929705302, 0.603198218758901, 0.5964621352831523, 0.5974181257565816, 0.5965461536725362, 0.5867886273384094, 0.5890316326459248, 0.5881936637560526, 0.5836631271362305, 0.5801593519528707, 0.5749406531016031, 0.580853526910146, 0.572098624420166], "validation_loss": [1.6830343587875367, 1.2354992330551147, 1.0937143798828124, 0.979201460647583, 0.9619600631713867, 0.9121573760032654, 0.8871657977104187, 0.8886562591552735, 0.8676542958259582, 0.8305161606788636, 0.7913771146774292, 0.7744295341968537, 0.7780854543209076, 0.7593251449108124, 0.746790819644928, 0.7585856271743774, 0.7391837255477905, 0.7241265250682831, 0.7298186861038208, 0.7067195332050323, 0.7078413502216339, 0.700959832906723, 0.7021915432929993, 0.6847683167457581, 0.6807162230491638, 0.6701713295936584, 0.6876326539039612, 0.6819156293869019, 0.6588856348037719, 0.7182461273193359, 0.6476033409118652, 0.6641518466949463, 0.6591344396591187, 0.6524061264514923, 0.6422150316238403, 0.6572977904319763, 0.663638809967041, 0.709567798423767, 0.6719408823013305, 0.6252486622810364, 0.6436250590324402, 0.6071827479362488, 0.6311793056964874, 0.6085281408309936, 0.6174347846984863, 0.6020957877159119, 0.6160123517036438, 0.603127108001709, 0.5964010772705078, 0.59099531955719]}