{"epoch": [0, 1, 2, 3, 4, 5, 6, 7, 8, 9, 10, 11, 12, 13, 14, 15, 16, 17, 18, 19, 20, 21, 22, 23, 24, 25, 26, 27, 28, 29, 30, 31, 32, 33, 34, 35, 36, 37, 38, 39, 40, 41, 42, 43, 44, 45, 46, 47, 48, 49], "training_acc": [0.49258333444595337, 0.6740333437919617, 0.7147166728973389, 0.7397333383560181, 0.7524166703224182, 0.7655500173568726, 0.7833999991416931, 0.7975000143051147, 0.8050166964530945, 0.8138333559036255, 0.8195833563804626, 0.8234833478927612, 0.8271166682243347, 0.8335333466529846, 0.836316704750061, 0.8382499814033508, 0.8417666554450989, 0.8457000255584717, 0.8467833399772644, 0.8502500057220459, 0.8527166843414307, 0.852649986743927, 0.8568666577339172, 0.8585000038146973, 0.8623833656311035, 0.8637166619300842, 0.8628166913986206, 0.8649166822433472, 0.8660500049591064, 0.8658833503723145, 0.8684166669845581, 0.8690166473388672, 0.8704666495323181, 0.8709166646003723, 0.8730833530426025, 0.8741333484649658, 0.8763666749000549, 0.8779667019844055, 0.8787000179290771, 0.880050003528595, 0.8791333436965942, 0.8819500207901001, 0.8809666633605957, 0.8833667039871216, 0.8838500380516052, 0.8853999972343445, 0.8860000371932983, 0.8881333470344543, 0.886983335018158, 0.8876500129699707], "validation_acc": [0.6426, 0.7029, 0.7305, 0.745, 0.7592, 0.7676, 0.7649, 0.7423, 0.7828, 0.8018, 0.8109, 0.8187, 0.8229, 0.8211, 0.8258, 0.826, 0.8315, 0.8274, 0.8219, 0.8309, 0.834, 0.8407, 0.8467, 0.8452, 0.8459, 0.8474, 0.8524, 0.8587, 0.8547, 0.8481, 0.8505, 0.8532, 0.8575, 0.8507, 0.8537, 0.8569, 0.858, 0.8586, 0.8568, 0.8604, 0.8636, 0.8566, 0.8667, 0.8624, 0.8521, 0.862, 0.8665, 0.8618, 0.8681, 0.8677], "training_loss": [1.2402538060506185, 0.8341518445650736, 0.733666653505961, 0.6797896375656128, 0.6463515427589417, 0.6188806411107381, 0.5774733680407206, 0.5426206337769827, 0.5209797597249349, 0.49749685990015663, 0.4819390321413676, 0.47079005249341327, 0.4569562258561452, 0.4440774356206258, 0.4354716394106547, 0.42643529737790425, 0.41938037083943686, 0.4105544062137604, 0.40605291605790456, 0.39805371789932253, 0.3915638508955638, 0.3869618433157603, 0.3812310015201569, 0.37722932680447896, 0.37001322095394135, 0.36447121804555255, 0.36116770527362824, 0.35865941206614177, 0.3538271105448405, 0.35198434530893963, 0.3467230113665263, 0.34441248749097186, 0.3424416139602661, 0.3396754724184672, 0.3344123605966568, 0.3315816696802775, 0.32561602490743, 0.3226647991895676, 0.31879758222897847, 0.31755675455729165, 0.31619026245276133, 0.3097719130674998, 0.31167368614673613, 0.30686637682914736, 0.30351627770264944, 0.3013009485642115, 0.29715791104634603, 0.29332327570915223, 0.2913285201946894, 0.29091529700756075], "validation_loss": [0.9203875653266906, 0.7852273079872132, 0.7036841393470764, 0.676909122467041, 0.641297348690033, 0.6119456050872802, 0.621517492723465, 0.6741518409729004, 0.5830492540359498, 0.5242578424453735, 0.5020830432891845, 0.4918207575798035, 0.47315638360977175, 0.47568006830215454, 0.4578166790962219, 0.4584570544242859, 0.4523585615158081, 0.45789956259727477, 0.4757792987346649, 0.4531343563079834, 0.4420789975166321, 0.4235874767303467, 0.4120375914096832, 0.41859237446784975, 0.4122523557662964, 0.41317370347976684, 0.39434592962265014, 0.3817192754745483, 0.39200947217941284, 0.39987432532310485, 0.39458527307510377, 0.39378300676345823, 0.3867430193901062, 0.3922828330278397, 0.38955845584869386, 0.3915314031600952, 0.3872811469078064, 0.38784533834457396, 0.37577623031139373, 0.37100292418003084, 0.3645111099243164, 0.4007570104598999, 0.36455247848033906, 0.36439429492950437, 0.3869357482910156, 0.3726250827074051, 0.3701466924667358, 0.3676957401752472, 0.36779990763664244, 0.3602508928775787], "BATCH_SIZE": 64, "NUM_EPOCHS": 50, "LR": 0.0005, "MOMENTUM": 0.9}