{"epoch": [0, 1, 2, 3, 4, 5, 6, 7, 8, 9, 10, 11, 12, 13, 14, 15, 16, 17, 18, 19, 20, 21, 22, 23, 24, 25, 26, 27, 28, 29, 30, 31, 32, 33, 34, 35, 36, 37, 38, 39, 40, 41, 42, 43, 44, 45, 46, 47, 48, 49], "training_acc": [0.4270833432674408, 0.6339333653450012, 0.6734833121299744, 0.6950333118438721, 0.7107166647911072, 0.725600004196167, 0.7377333641052246, 0.7467833161354065, 0.7537333369255066, 0.7613666653633118, 0.7668666839599609, 0.7717166543006897, 0.775350034236908, 0.7804499864578247, 0.7859166860580444, 0.7893999814987183, 0.791949987411499, 0.7940666675567627, 0.7976333498954773, 0.7994333505630493, 0.8018167018890381, 0.8023833632469177, 0.805233359336853, 0.8058000206947327, 0.8073833584785461, 0.8082000017166138, 0.8105000257492065, 0.8121500015258789, 0.8127333521842957, 0.8147166967391968, 0.8172667026519775, 0.817883312702179, 0.8186166882514954, 0.8221666812896729, 0.8233000040054321, 0.8236833214759827, 0.8249499797821045, 0.825783371925354, 0.8283833265304565, 0.8298666477203369, 0.8304666876792908, 0.831166684627533, 0.833383321762085, 0.8339166641235352, 0.8353166580200195, 0.834933340549469, 0.8371333479881287, 0.8380833268165588, 0.8394666910171509, 0.8402166962623596], "validation_acc": [0.5933, 0.6604, 0.6944, 0.7065, 0.721, 0.7359, 0.7445, 0.753, 0.7507, 0.7595, 0.7654, 0.7683, 0.7726, 0.7743, 0.7785, 0.7809, 0.7841, 0.7905, 0.7791, 0.7909, 0.7918, 0.7911, 0.7876, 0.7962, 0.7953, 0.7965, 0.7988, 0.8014, 0.8025, 0.803, 0.8048, 0.8092, 0.806, 0.8113, 0.8049, 0.813, 0.8179, 0.8142, 0.8193, 0.8127, 0.8116, 0.823, 0.825, 0.8245, 0.8178, 0.8246, 0.8253, 0.8318, 0.8292, 0.8294], "training_loss": [1.5085841378211975, 0.9441142729123433, 0.8468869856198629, 0.7992302303314209, 0.7626648129781087, 0.7271953390439352, 0.697209964243571, 0.6717549156347911, 0.6524063190142314, 0.63418348681132, 0.6217263060251872, 0.6102545371055603, 0.5986449947039286, 0.5873122110684713, 0.576576877784729, 0.5675956692059835, 0.5607202445665995, 0.5552469890912374, 0.5469176459312439, 0.541861410077413, 0.5350224490801493, 0.5332650448322296, 0.527755881357193, 0.5263724563598633, 0.5198270846684774, 0.5160970507144927, 0.511747954193751, 0.5078797670046489, 0.5070451972325642, 0.4992571575164795, 0.49648363450368244, 0.49148384501139325, 0.4883285583337148, 0.48195617845853167, 0.4774489438374837, 0.4733630718390147, 0.46958079172770184, 0.4667184721151988, 0.46186977213223773, 0.45631007386843364, 0.45520308831532796, 0.45253425040245054, 0.44550237534840903, 0.4444435945828756, 0.441573650042216, 0.438713716173172, 0.43525683916409813, 0.4324896987438202, 0.4301876491387685, 0.42730387736956277], "validation_loss": [1.0483444089889526, 0.8781237753868103, 0.8312800404548645, 0.7894476882457733, 0.757675547504425, 0.7186494670391083, 0.6929094717979432, 0.6776408482551575, 0.6676043531417847, 0.6549745858192444, 0.6349655040264129, 0.6262570125579834, 0.6167295185089111, 0.6080779974937439, 0.6081791743278503, 0.5908986327648162, 0.5867164605617523, 0.5750214817523956, 0.5908655787467957, 0.5662331573486328, 0.5653788655757904, 0.5619006123542786, 0.5691942759513855, 0.5478226778507232, 0.5531155425071717, 0.5503703077316284, 0.5433912344932557, 0.5374514762878418, 0.5299235968112945, 0.5275637737751007, 0.5306243751525879, 0.5153065095901489, 0.511291555595398, 0.5111215663433075, 0.5212903783798217, 0.5013429077148438, 0.4920081151485443, 0.4945218283176422, 0.48438040380477904, 0.5030495009422302, 0.49802035365104674, 0.4736709358215332, 0.4712361999988556, 0.4708029508113861, 0.48956286125183107, 0.46594588098526, 0.465314688205719, 0.4562388939857483, 0.45621046948432925, 0.45219870223999026], "BATCH_SIZE": 128, "NUM_EPOCHS": 50, "LR": 0.0005, "MOMENTUM": 0.9}