{"epoch": [0, 1, 2, 3, 4, 5, 6, 7, 8, 9, 10, 11, 12, 13, 14, 15, 16, 17, 18, 19, 20, 21, 22, 23, 24, 25, 26, 27, 28, 29, 30, 31, 32, 33, 34, 35, 36, 37, 38, 39, 40, 41, 42, 43, 44, 45, 46, 47, 48, 49, 50, 51, 52, 53, 54, 55, 56, 57, 58, 59], "training_acc": [0.5217999815940857, 0.7331833243370056, 0.769349992275238, 0.801550030708313, 0.8186500072479248, 0.8293499946594238, 0.8344500064849854, 0.8413500189781189, 0.847516655921936, 0.8506333231925964, 0.8542667031288147, 0.8586000204086304, 0.8594666719436646, 0.8632500171661377, 0.8663666844367981, 0.8679333329200745, 0.8706666827201843, 0.8723666667938232, 0.8737833499908447, 0.8762500286102295, 0.8766666650772095, 0.8812500238418579, 0.8809333443641663, 0.8825833201408386, 0.8851000070571899, 0.8859833478927612, 0.8868499994277954, 0.8889333605766296, 0.89083331823349, 0.8917833566665649, 0.8932666778564453, 0.893916666507721, 0.8953166604042053, 0.8968833684921265, 0.8986666798591614, 0.898983359336853, 0.9003166556358337, 0.9014833569526672, 0.9174667000770569, 0.9222666621208191, 0.9241999983787537, 0.9260166883468628, 0.9265166521072388, 0.9285666942596436, 0.9296666979789734, 0.9304333329200745, 0.9318166971206665, 0.9327666759490967, 0.9336833357810974, 0.9350333213806152, 0.9380333423614502, 0.9384833574295044, 0.938883364200592, 0.9389833211898804, 0.9390333294868469, 0.9393500089645386, 0.9396166801452637, 0.9398000240325928, 0.9399499893188477, 0.9399499893188477], "validation_acc": [0.7114, 0.7327, 0.7865, 0.814, 0.8133, 0.7998, 0.8207, 0.8349, 0.8373, 0.8383, 0.8477, 0.842, 0.8544, 0.8511, 0.8551, 0.8563, 0.861, 0.8551, 0.8593, 0.8648, 0.8605, 0.8614, 0.8667, 0.8661, 0.8662, 0.869, 0.8742, 0.8712, 0.8733, 0.8698, 0.876, 0.8697, 0.8682, 0.8694, 0.8762, 0.87, 0.878, 0.8693, 0.8836, 0.883, 0.8839, 0.8853, 0.8843, 0.8846, 0.8834, 0.8835, 0.8822, 0.8829, 0.8832, 0.8855, 0.8838, 0.8849, 0.8842, 0.8837, 0.8839, 0.8839, 0.8841, 0.8832, 0.884, 0.883], "training_loss": [1.1452054714838664, 0.6866608619054159, 0.6092593047936757, 0.5258468641757965, 0.47673707011540734, 0.45376016303698224, 0.4383039673646291, 0.41819268412590027, 0.40819829602241514, 0.3942600565910339, 0.3838619773864746, 0.37632361605962117, 0.37235255281130475, 0.3636807906627655, 0.35201795585950213, 0.34806775069236756, 0.34127668827374774, 0.3326128892024358, 0.33136311196486157, 0.3233507512966792, 0.32121403446992236, 0.31258010137875875, 0.3098660919189453, 0.3083912827650706, 0.2994182932774226, 0.29428400366306307, 0.2918784942388535, 0.28644344965616864, 0.28246558504899344, 0.27901825583378476, 0.2737181517124176, 0.27227931787172954, 0.26880439210732776, 0.2658961481332779, 0.25844262766043347, 0.2589517467180888, 0.25345577784379325, 0.25092640242576597, 0.20618334265549979, 0.19383122338851294, 0.1889140952348709, 0.18463386147618294, 0.18160482967297237, 0.17838347487449646, 0.1754551579316457, 0.1729654364267985, 0.170715265695254, 0.16800076847871145, 0.16610919897556306, 0.16402334452072778, 0.1564447142561277, 0.15534562114477157, 0.15488580153385798, 0.15453702172636985, 0.1541903582851092, 0.15384243074655532, 0.1535370397647222, 0.15327759373585384, 0.15301905928055445, 0.15275288379589716], "validation_loss": [0.7357295412540436, 0.6963511798858643, 0.5765038441181183, 0.5096941048622131, 0.48977798933982847, 0.5269224474430084, 0.47664030866622925, 0.4406159749507904, 0.43568870029449464, 0.433536962890625, 0.4048156633377075, 0.42137787601947785, 0.385820288848877, 0.4046574793100357, 0.3837866319179535, 0.3847096666097641, 0.3739243071079254, 0.39627123296260836, 0.3748252774715424, 0.3685315721273422, 0.3716477970123291, 0.3794219740867615, 0.36263221032619475, 0.36583130805492403, 0.37665670371055604, 0.35231697216033936, 0.3467699235677719, 0.3513366476535797, 0.3595006959438324, 0.36358930068016054, 0.34820212454795835, 0.3593699963092804, 0.3807480781555176, 0.37117712807655334, 0.3552791742086411, 0.3722712195396423, 0.3515179168224335, 0.38241814782619477, 0.34570017342567444, 0.35394460604190825, 0.3586571491956711, 0.3636287654161453, 0.36773858315944674, 0.3678955330371857, 0.37662119162082675, 0.37454004216194153, 0.3837457563877106, 0.3869550589799881, 0.38986697244644164, 0.3921820701122284, 0.3925284610271454, 0.39474835171699524, 0.3958848080158234, 0.3964644892454147, 0.39724963853359224, 0.39816621339321134, 0.3984855385541916, 0.39936842510700227, 0.40027617819309236, 0.4010978945016861], "BATCH_SIZE": 64, "NUM_EPOCHS": 60, "LR": 0.001, "MOMENTUM": 0.9}