{"epoch": [0, 1, 2, 3, 4, 5, 6, 7, 8, 9, 10, 11, 12, 13, 14, 15, 16, 17, 18, 19, 20, 21, 22, 23, 24, 25, 26, 27, 28, 29, 30, 31, 32, 33, 34, 35, 36, 37, 38, 39, 40, 41, 42, 43, 44, 45, 46, 47, 48, 49], "training_acc": [0.3688499927520752, 0.6113333106040955, 0.6461166739463806, 0.6648666858673096, 0.681950032711029, 0.6929833292961121, 0.7032833695411682, 0.7142333388328552, 0.7209500074386597, 0.7227500081062317, 0.728683352470398, 0.7302333116531372, 0.7318166494369507, 0.7334499955177307, 0.737416684627533, 0.7392333149909973, 0.741349995136261, 0.7410666942596436, 0.7441999912261963, 0.7452000379562378, 0.7481333613395691, 0.7481666803359985, 0.7507333159446716, 0.7525500059127808, 0.751716673374176, 0.7531499862670898, 0.7556999921798706, 0.7565667033195496, 0.7563166618347168, 0.7576666474342346, 0.7562666535377502, 0.7593166828155518, 0.7610499858856201, 0.7619666457176208, 0.7628333568572998, 0.7630833387374878, 0.7639166712760925, 0.7651500105857849, 0.7668833136558533, 0.7670666575431824, 0.7669833302497864, 0.768833339214325, 0.7708333134651184, 0.770466685295105, 0.7733833193778992, 0.7713666558265686, 0.7748000025749207, 0.7742833495140076, 0.7748833298683167, 0.7770666480064392], "validation_acc": [0.5641, 0.6405, 0.6478, 0.6381, 0.6813, 0.6764, 0.6982, 0.7109, 0.714, 0.7223, 0.7212, 0.7232, 0.7251, 0.7271, 0.7228, 0.7272, 0.7311, 0.7314, 0.7398, 0.7399, 0.7422, 0.7309, 0.7382, 0.7389, 0.7437, 0.7471, 0.7416, 0.7479, 0.7477, 0.7448, 0.7465, 0.7504, 0.7512, 0.7501, 0.7464, 0.7531, 0.7549, 0.7531, 0.7531, 0.7555, 0.7573, 0.7558, 0.7562, 0.7623, 0.7639, 0.7619, 0.762, 0.7626, 0.7642, 0.7699], "training_loss": [1.6561031442642211, 1.028184958744049, 0.9235657812118531, 0.8730676809628805, 0.8353917726198832, 0.805312552579244, 0.7813869252840678, 0.7610733746528625, 0.7429137042999268, 0.7349011668841045, 0.7221477661450704, 0.7157552085876465, 0.7076770128568014, 0.7013962705294291, 0.6943044934272766, 0.6900735943794251, 0.6846378609657288, 0.6818241585731506, 0.6740542130470276, 0.6697751636187236, 0.6638726095517476, 0.663805733458201, 0.6563651849746704, 0.6518266776402791, 0.6502203711509704, 0.6435969407717387, 0.6401477922439576, 0.6377322860717773, 0.6355321586290995, 0.6345819082260132, 0.6320120794932047, 0.6271447614351908, 0.6243781852563223, 0.6207570779164632, 0.6187289267539978, 0.6171681930859884, 0.6150843844413757, 0.6139733025550842, 0.6115351614952087, 0.6079985778172811, 0.6066293224652608, 0.6046946281750997, 0.6006004339059194, 0.5991748844464619, 0.5944712088743845, 0.5952479193687439, 0.5920957282066345, 0.5907280823866526, 0.5898484114011129, 0.5843722259839376], "validation_loss": [1.148918752861023, 0.9617079389572144, 0.922172808265686, 0.9499210437774658, 0.8372914477348328, 0.831210508441925, 0.7899495635986328, 0.7883478920936584, 0.7567998442649841, 0.7439487370014191, 0.7318763694286347, 0.7351393658161164, 0.7266671505451202, 0.7274534259796143, 0.7243660016536713, 0.7197977005004883, 0.7121543399333954, 0.7081260089874267, 0.695500107383728, 0.67990233502388, 0.681146090888977, 0.7011935106277466, 0.693568575000763, 0.6752666519165039, 0.6690647292137146, 0.6669419961452484, 0.6727223821640015, 0.6559837572574615, 0.6612535655498505, 0.6649944298744201, 0.6599581087589264, 0.6433801284790039, 0.6456508380889893, 0.6430582984924317, 0.6641608983039856, 0.6381449120044709, 0.6367568571090698, 0.6320621932506562, 0.6462401849269866, 0.6394854387760163, 0.6301893685817719, 0.6292675014972686, 0.6216596891880035, 0.6220783566951752, 0.6161339814186096, 0.6164230884552002, 0.6128989271640778, 0.6124089957237243, 0.6045728114128113, 0.6087285423278809], "BATCH_SIZE": 128, "NUM_EPOCHS": 50, "LR": 0.0005, "MOMENTUM": 0.9}