{"epoch": [0, 1, 2, 3, 4, 5, 6, 7, 8, 9, 10, 11, 12, 13, 14, 15, 16, 17, 18, 19, 20, 21, 22, 23, 24, 25, 26, 27, 28, 29, 30, 31, 32, 33, 34, 35, 36, 37, 38, 39, 40, 41, 42, 43, 44, 45, 46, 47, 48, 49], "training_acc": [0.40763333439826965, 0.6122999787330627, 0.6655166745185852, 0.690333366394043, 0.7054499983787537, 0.7209833264350891, 0.7364833354949951, 0.7471166849136353, 0.7504500150680542, 0.7617666721343994, 0.7644166946411133, 0.7687667012214661, 0.7727000117301941, 0.7757333517074585, 0.7795500159263611, 0.7847333550453186, 0.7863667011260986, 0.7915166616439819, 0.796750009059906, 0.7980833649635315, 0.802566647529602, 0.8056666851043701, 0.8094833493232727, 0.8094333410263062, 0.8127166628837585, 0.8180500268936157, 0.8181000351905823, 0.8202000260353088, 0.8226667046546936, 0.8228833675384521, 0.8240500092506409, 0.8246333599090576, 0.8268499970436096, 0.8298333287239075, 0.8305000066757202, 0.8326166868209839, 0.8331833481788635, 0.831083357334137, 0.8354166746139526, 0.8350000381469727, 0.838283360004425, 0.8377166986465454, 0.8388333320617676, 0.8406833410263062, 0.8434666991233826, 0.8429499864578247, 0.8440499901771545, 0.8455333709716797, 0.8445667028427124, 0.8477666974067688], "validation_acc": [0.5679, 0.631, 0.6525, 0.6865, 0.7192, 0.7288, 0.7396, 0.746, 0.7455, 0.7595, 0.7621, 0.7676, 0.7296, 0.7733, 0.7646, 0.7587, 0.7835, 0.7954, 0.7772, 0.7835, 0.8034, 0.8004, 0.7741, 0.799, 0.8007, 0.8057, 0.8072, 0.8003, 0.8035, 0.8058, 0.8191, 0.812, 0.8243, 0.8209, 0.8225, 0.8277, 0.8126, 0.8222, 0.8284, 0.8166, 0.8243, 0.8102, 0.828, 0.8147, 0.833, 0.8289, 0.8249, 0.8274, 0.838, 0.8359], "training_loss": [1.4584041813532511, 0.9677000943819681, 0.8553172693570454, 0.8018789045651754, 0.7634613353729248, 0.7304280697186788, 0.6937717441240946, 0.6634633759498596, 0.6570320665677388, 0.6348212103207906, 0.6232600666364034, 0.610574199962616, 0.6023901134808858, 0.5906547969500224, 0.5776530663649241, 0.5638393614133199, 0.5617436059951783, 0.544084712266922, 0.5335323777834574, 0.5259914585113525, 0.5161164259433746, 0.5080135923862458, 0.5011184871514638, 0.4968849000930786, 0.4912418883005778, 0.4778190824508667, 0.47758792041142784, 0.47137554891904193, 0.46681862522761025, 0.462040909465154, 0.45957581470807396, 0.46068990360895795, 0.45086059311230975, 0.44529158233006794, 0.4446406544526418, 0.43794359351793927, 0.43401218945185344, 0.4413800579388936, 0.4300747872670492, 0.43013450485865273, 0.42463976502418516, 0.4228667996247609, 0.4204927518526713, 0.4189247900485992, 0.41195625780423484, 0.41088124127388, 0.40771969345410664, 0.4054437237262726, 0.406437593905131, 0.400939164129893], "validation_loss": [1.063170904445648, 0.9050196208953858, 0.9269314348220825, 0.7946935713768005, 0.7517132917881012, 0.7236125348567962, 0.6929579770565033, 0.6789085483074189, 0.6850822979450226, 0.6408462239265442, 0.6386276302814483, 0.6196778796195984, 0.6866693183898925, 0.5966706638336181, 0.6234246652603149, 0.622839839553833, 0.5727340958118439, 0.5452576286792755, 0.5913037414550781, 0.5597808111190796, 0.5234675729751587, 0.5263042549133301, 0.5847503231048584, 0.5231944979667663, 0.5250994204521179, 0.5103368969917297, 0.5044209115505218, 0.5253214713096619, 0.5217716219902039, 0.5036084376335144, 0.48313464221954344, 0.5010794420719147, 0.47152065362930295, 0.47831430768966676, 0.46931892547607423, 0.4585992649078369, 0.5036351541519165, 0.48539142961502074, 0.4579796235084534, 0.4767131165027618, 0.4684826870918274, 0.49045173501968387, 0.46284316740036013, 0.4901640330314636, 0.4484952974319458, 0.46820705785751343, 0.45834894289970396, 0.4669350526332855, 0.4435270990371704, 0.4423800320148468], "BATCH_SIZE": 128, "NUM_EPOCHS": 50, "LR": 0.0005, "MOMENTUM": 0.9}