{"epoch": [0, 1, 2, 3, 4, 5, 6, 7, 8, 9, 10, 11, 12, 13, 14, 15, 16, 17, 18, 19, 20, 21, 22, 23, 24, 25, 26, 27, 28, 29, 30, 31, 32, 33, 34, 35, 36, 37, 38, 39, 40, 41, 42, 43, 44, 45, 46, 47, 48, 49, 50, 51, 52, 53, 54, 55, 56, 57, 58, 59, 60, 61, 62, 63, 64, 65, 66, 67, 68, 69, 70, 71, 72, 73, 74, 75, 76, 77, 78, 79, 80, 81, 82, 83, 84, 85, 86, 87, 88, 89, 90, 91, 92, 93, 94, 95, 96, 97, 98, 99, 100, 101, 102, 103, 104, 105, 106, 107, 108, 109, 110, 111, 112, 113, 114, 115, 116, 117, 118, 119, 120, 121, 122, 123, 124, 125, 126, 127, 128, 129, 130, 131, 132, 133, 134, 135, 136, 137, 138, 139, 140, 141, 142, 143, 144, 145, 146, 147, 148, 149, 150, 151, 152, 153, 154, 155, 156, 157, 158, 159, 160, 161, 162, 163, 164, 165, 166, 167, 168, 169, 170, 171, 172, 173, 174, 175, 176, 177, 178, 179, 180, 181, 182, 183, 184, 185, 186, 187, 188, 189, 190, 191, 192, 193, 194, 195, 196, 197, 198, 199], "training_acc": [0.6318166851997375, 0.7639333605766296, 0.7812833189964294, 0.7995833158493042, 0.8060833215713501, 0.8110833168029785, 0.8206833600997925, 0.8236833214759827, 0.8299333453178406, 0.831933319568634, 0.8303166627883911, 0.8341833353042603, 0.833383321762085, 0.8372499942779541, 0.8369166851043701, 0.8387500047683716, 0.8411333560943604, 0.8391500115394592, 0.8434833288192749, 0.84170001745224, 0.8439333438873291, 0.8635333180427551, 0.8679333329200745, 0.8708166480064392, 0.871916651725769, 0.8736333250999451, 0.87458336353302, 0.8746333718299866, 0.8759333491325378, 0.8774833679199219, 0.8766000270843506, 0.8774333596229553, 0.8788833618164062, 0.8799333572387695, 0.8801000118255615, 0.8801500201225281, 0.8810666799545288, 0.8804833292961121, 0.881683349609375, 0.8824499845504761, 0.8824000358581543, 0.8829166889190674, 0.8848333358764648, 0.8829333186149597, 0.8842333555221558, 0.8851333260536194, 0.8841333389282227, 0.8849000334739685, 0.8856500387191772, 0.8858333230018616, 0.8869166970252991, 0.8863500356674194, 0.8872500061988831, 0.887416660785675, 0.8874333500862122, 0.8875333666801453, 0.8877333402633667, 0.8880500197410583, 0.8891000151634216, 0.8929166793823242, 0.8940333724021912, 0.8944500088691711, 0.894349992275238, 0.8944833278656006, 0.894433319568634, 0.8945000171661377, 0.8947666883468628, 0.8949999809265137, 0.8954499959945679, 0.8949166536331177, 0.8959167003631592, 0.8957666754722595, 0.895716667175293, 0.8956000208854675, 0.8958166837692261, 0.8956666588783264, 0.8958500027656555, 0.8957000374794006, 0.8958333730697632, 0.895716667175293, 0.895799994468689, 0.8957833647727966, 0.8958166837692261, 0.8959167003631592, 0.8958166837692261, 0.8958500027656555, 0.8958666920661926, 0.8958166837692261, 0.8959500193595886, 0.8959333300590515, 0.8958333730697632, 0.8958500027656555, 0.8959167003631592, 0.8959333300590515, 0.8959167003631592, 0.8959000110626221, 0.8959167003631592, 0.8959167003631592, 0.8959167003631592, 0.8959167003631592, 0.8959167003631592, 0.8959333300590515, 0.8959167003631592, 0.8959167003631592, 0.8959167003631592, 0.8959167003631592, 0.8959167003631592, 0.8959167003631592, 0.8959167003631592, 0.8959167003631592, 0.8959167003631592, 0.8959167003631592, 0.8959167003631592, 0.8959167003631592, 0.8959167003631592, 0.8959167003631592, 0.8959167003631592, 0.8959167003631592, 0.8959167003631592, 0.8959167003631592, 0.8959167003631592, 0.8959167003631592, 0.8959167003631592, 0.8959167003631592, 0.8959167003631592, 0.8959167003631592, 0.8959167003631592, 0.8959167003631592, 0.8959167003631592, 0.8959167003631592, 0.8959167003631592, 0.8959167003631592, 0.8959167003631592, 0.8959167003631592, 0.8959167003631592, 0.8959167003631592, 0.8959167003631592, 0.8959167003631592, 0.8959167003631592, 0.8959167003631592, 0.8959167003631592, 0.8959167003631592, 0.8959167003631592, 0.8959167003631592, 0.8959167003631592, 0.8959167003631592, 0.8959167003631592, 0.8959167003631592, 0.8959167003631592, 0.8959167003631592, 0.8959167003631592, 0.8959167003631592, 0.8959167003631592, 0.8959167003631592, 0.8959167003631592, 0.8959167003631592, 0.8959167003631592, 0.8959167003631592, 0.8959167003631592, 0.8959167003631592, 0.8959167003631592, 0.8959167003631592, 0.8959167003631592, 0.8959167003631592, 0.8959167003631592, 0.8959167003631592, 0.8959167003631592, 0.8959167003631592, 0.8959167003631592, 0.8959167003631592, 0.8959167003631592, 0.8959167003631592, 0.8959167003631592, 0.8959167003631592, 0.8959167003631592, 0.8959167003631592, 0.8959333300590515, 0.8959333300590515, 0.8959333300590515, 0.8959333300590515, 0.8959333300590515, 0.8959333300590515, 0.8959333300590515, 0.8959333300590515, 0.8959333300590515, 0.8959333300590515, 0.8959333300590515, 0.8959333300590515, 0.8959333300590515, 0.8959333300590515, 0.8959333300590515, 0.8959333300590515, 0.8959333300590515, 0.8959333300590515, 0.8959333300590515, 0.8959333300590515, 0.8959333300590515, 0.8959333300590515, 0.8959333300590515, 0.8959333300590515], "validation_acc": [0.7162, 0.7579, 0.7829, 0.7956, 0.7814, 0.7836, 0.8211, 0.8151, 0.8206, 0.8322, 0.8233, 0.8171, 0.8255, 0.8174, 0.8148, 0.8276, 0.8162, 0.8212, 0.8277, 0.8212, 0.8371, 0.8438, 0.8513, 0.8518, 0.8529, 0.857, 0.856, 0.8555, 0.8559, 0.8567, 0.8569, 0.8574, 0.8569, 0.8583, 0.8597, 0.8623, 0.8591, 0.8597, 0.8578, 0.861, 0.8618, 0.8618, 0.8613, 0.8617, 0.8607, 0.862, 0.8622, 0.8636, 0.8622, 0.864, 0.8637, 0.8605, 0.8636, 0.86, 0.8606, 0.8631, 0.8659, 0.8636, 0.8627, 0.8663, 0.8664, 0.8659, 0.8662, 0.8656, 0.8666, 0.8671, 0.8668, 0.8652, 0.8668, 0.8649, 0.8663, 0.8663, 0.8662, 0.866, 0.8664, 0.8661, 0.8665, 0.8667, 0.8665, 0.8661, 0.8662, 0.8662, 0.8662, 0.8664, 0.8664, 0.8663, 0.8664, 0.8666, 0.8664, 0.8664, 0.8665, 0.8664, 0.8664, 0.8664, 0.8664, 0.8664, 0.8664, 0.8664, 0.8664, 0.8665, 0.8665, 0.8665, 0.8665, 0.8665, 0.8665, 0.8665, 0.8665, 0.8665, 0.8665, 0.8665, 0.8665, 0.8665, 0.8665, 0.8665, 0.8665, 0.8665, 0.8665, 0.8665, 0.8665, 0.8665, 0.8665, 0.8665, 0.8665, 0.8665, 0.8665, 0.8665, 0.8665, 0.8665, 0.8665, 0.8665, 0.8665, 0.8665, 0.8665, 0.8665, 0.8665, 0.8665, 0.8665, 0.8665, 0.8665, 0.8665, 0.8665, 0.8665, 0.8665, 0.8665, 0.8665, 0.8665, 0.8665, 0.8665, 0.8665, 0.8665, 0.8665, 0.8665, 0.8665, 0.8665, 0.8665, 0.8665, 0.8665, 0.8665, 0.8665, 0.8665, 0.8665, 0.8665, 0.8665, 0.8665, 0.8665, 0.8665, 0.8665, 0.8665, 0.8665, 0.8665, 0.8665, 0.8665, 0.8665, 0.8665, 0.8665, 0.8665, 0.8665, 0.8665, 0.8665, 0.8665, 0.8665, 0.8665, 0.8665, 0.8665, 0.8665, 0.8665, 0.8665, 0.8665, 0.8665, 0.8665, 0.8665, 0.8665, 0.8665, 0.8665, 0.8665, 0.8665, 0.8665, 0.8665, 0.8665, 0.8665],